ups,downs,score,subreddit_subscribers
23634,0,23634,209335
14250,0,14250,19363106
18312,0,18312,1225695
20409,0,20409,551038
64442,0,64442,20087032
2486,0,2486,494469
22649,0,22649,20713520
17171,0,17171,16600887
2523,0,2523,192496
5593,0,5593,2125617
4628,0,4628,427587
2732,0,2732,302795
4607,0,4607,176988
1307,0,1307,178651
3111,0,3111,965029
23016,0,23016,18021384
28933,0,28933,19459985
3462,0,3462,691176
1729,0,1729,107006
12104,0,12104,492187
2021,0,2021,37407
17872,0,17872,103709
10245,0,10245,599722
18494,0,18494,448575
5903,0,5903,616428
7936,0,7936,330790
23636,0,23636,209335
11776,0,11776,1479246
18368,0,18368,2125618
6096,0,6096,344425
447,0,447,494469
18316,0,18316,1225695
64445,0,64445,20087035
16758,0,16758,803729
2491,0,2491,494469
14247,0,14247,19363107
1576,0,1576,20087035
825,0,825,494469
24450,0,24450,877911
3461,0,3461,691176
24550,0,24550,13605251
3116,0,3116,965029
18163,0,18163,486129
41393,0,41393,16600888
26825,0,26825,16016411
1126,0,1126,494469
1303,0,1303,178651
4485,0,4485,112621
12154,0,12154,432479
28939,0,28939,19459985
4430,0,4430,712731
4622,0,4622,427587
13238,0,13238,668774
4024,0,4024,258797
76135,0,76135,14816980
24006,0,24006,16600891
9554,0,9554,14324784
9914,0,9914,413354
99790,0,99790,16731672
12385,0,12385,2543666
20416,0,20416,551038
4927,0,4927,14925116
31437,0,31437,18431907
10193,0,10193,18355297
13008,0,13008,13335699
5611,0,5611,2125617
36490,0,36490,19363105
7733,0,7733,482364
19737,0,19737,713426
4425,0,4425,242716
1948,0,1948,1693943
2728,0,2728,15934716
4901,0,4901,1010362
18506,0,18506,448576
7084,0,7084,516071
26410,0,26410,324438
1712,0,1712,180317
16525,0,16525,464065
13569,0,13569,407720
6899,0,6899,1176714
22081,0,22081,842905
3246,0,3246,633024
1918,0,1918,1822106
11494,0,11494,1026388
4704,0,4704,355287
1519,0,1519,252017
5431,0,5431,1320690
10242,0,10242,599722
27879,0,27879,710004
8864,0,8864,287597
1571,0,1571,243122
24359,0,24359,1414261
7495,0,7495,417268
30820,0,30820,652643
3839,0,3839,1678676
1527,0,1527,254897
52172,0,52172,924796
1305,0,1305,198976
18639,0,18639,252340
1192,0,1192,130344
754,0,754,196239
256,0,256,83554
26833,0,26833,16016413
1206,0,1206,177433
486,0,486,124345
21603,0,21603,576982
78,0,78,35070
12811,0,12811,12657761
2096,0,2096,510677
29108,0,29108,19417550
4751,0,4751,423820
768,0,768,13621769
4037,0,4037,336680
7487,0,7487,417268
1562,0,1562,421218
1537,0,1537,633026
4035,0,4035,258797
27765,0,27765,242344
16527,0,16527,464065
7089,0,7089,516071
4715,0,4715,355287
220,0,220,263911
484,0,484,786649
1800,0,1800,478127
2028,0,2028,37407
23652,0,23652,209335
40068,0,40068,656784
862,0,862,13928282
1586,0,1586,452986
19836,0,19836,812887
6463,0,6463,983292
2058,0,2058,213360
4307,0,4307,1049562
2091,0,2091,510677
3112,0,3112,4908626
763,0,763,15996459
4217,0,4217,492187
4041,0,4041,336680
21938,0,21938,628369
3152,0,3152,273197
21118,0,21118,1210585
6389,0,6389,531791
14443,0,14443,13648359
861,0,861,462862
578,0,578,550177
1021,0,1021,332779
13100,0,13100,271664
19197,0,19197,562468
41885,0,41885,689446
9613,0,9613,776654
5011,0,5011,218373
2821,0,2821,526434
826,0,826,13224444
17479,0,17479,886987
2412,0,2412,391857
620,0,620,624332
633,0,633,907829
14021,0,14021,674051
7613,0,7613,986687
3070,0,3070,118503
1853,0,1853,19032775
5233,0,5233,140808
1221,0,1221,471165
53120,0,53120,14584525
4927,0,4927,875708
1066,0,1066,438059
619,0,619,164891
725,0,725,650435
603,0,603,426809
5797,0,5797,172449
1103,0,1103,504059
728,0,728,235715
50819,0,50819,13949593
9209,0,9209,315056
2295,0,2295,119958
4685,0,4685,533146
19087,0,19087,900766
11372,0,11372,636405
630,0,630,347149
19181,0,19181,950712
5914,0,5914,418845
16850,0,16850,130940
714,0,714,302452
37657,0,37657,451642
2101,0,2101,276814
4998,0,4998,148709
7346,0,7346,235402
3310,0,3310,210277
549,0,549,371943
938,0,938,139657
537,0,537,735710
3502,0,3502,117245
862,0,862,170541
21039,0,21039,620374
593,0,593,391542
2178,0,2178,795577
6864,0,6864,19435773
2799,0,2799,1186495
11284,0,11284,93236
1513,0,1513,841729
4186,0,4186,174458
24468,0,24468,1172261
4010,0,4010,355190
984,0,984,295361
690,0,690,214095
9764,0,9764,926980
6251,0,6251,239073
9987,0,9987,440771
2961,0,2961,472572
21876,0,21876,13515347
7510,0,7510,242192
14163,0,14163,365839
2241,0,2241,293643
64444,0,64444,20087038
8513,0,8513,755848
3425,0,3425,1288299
1762,0,1762,734789
10989,0,10989,199926
29097,0,29097,18021388
3956,0,3956,229931
1383,0,1383,336694
10216,0,10216,349450
891,0,891,788467
415,0,415,124890
1996,0,1996,366592
562,0,562,72149
6651,0,6651,19459989
22413,0,22413,448577
5411,0,5411,166913
1378,0,1378,336694
2263,0,2263,14925121
26797,0,26797,337634
7216,0,7216,13282534
894,0,894,788467
3207,0,3207,2125618
5281,0,5281,992590
719,0,719,422937
1943,0,1943,469448
5591,0,5591,356352
1034,0,1034,671437
6286,0,6286,18314497
2767,0,2767,148432
414,0,414,124890
850,0,850,119341
2710,0,2710,540236
757,0,757,196239
2756,0,2756,264492
1219,0,1219,178651
3301,0,3301,392011
1145,0,1145,344565
5386,0,5386,992628
570,0,570,350074
26964,0,26964,337641
1825,0,1825,109701
1800,0,1800,216083
2842,0,2842,148434
2179,0,2179,736381
1451,0,1451,242303
2837,0,2837,540252
424,0,424,204019
2129,0,2129,94326
591,0,591,462370
17925,0,17925,103720
1643,0,1643,423823
5006,0,5006,177003
3404,0,3404,392019
1071,0,1071,149056
12014,0,12014,791858
431,0,431,680654
412,0,412,74339
2148,0,2148,135742
4329,0,4329,683785
364,0,364,165942
503,0,503,158266
22998,0,22998,1759102
29198,0,29198,19417640
2613,0,2613,115295
22758,0,22758,402299
9083,0,9083,1334954
3181,0,3181,252056
7801,0,7801,417290
19321,0,19321,950735
2112,0,2112,469450
523,0,523,494492
1196,0,1196,371945
440,0,440,35374
551,0,551,598284
1167,0,1167,171150
40670,0,40670,656805
7814,0,7814,468734
5827,0,5827,872208
596,0,596,83247
32381,0,32381,19032865
18129,0,18129,344451
735,0,735,20087163
742,0,742,422946
2891,0,2891,20713712
6347,0,6347,275047
8075,0,8075,1176754
15230,0,15230,252056
11401,0,11401,93237
1653,0,1653,423823
4284,0,4284,174459
236,0,236,29788
1224,0,1224,433634
287,0,287,46312
24935,0,24935,1172273
330,0,330,288969
159,0,159,354885
1917,0,1917,734796
6354,0,6354,239078
884,0,884,322396
3635,0,3635,753834
24688,0,24688,471182
2444,0,2444,394382
226,0,226,500972
9990,0,9990,926987
3493,0,3493,433634
1047,0,1047,575711
939,0,939,282841
1232,0,1232,1334954
10129,0,10129,440774
3680,0,3680,1288331
276,0,276,117918
2350,0,2350,293650
10130,0,10130,440774
629,0,629,143017
691,0,691,218272
6124,0,6124,624348
38030,0,38030,19363190
7586,0,7586,242193
14368,0,14368,365850
665,0,665,491753
414,0,414,462774
8625,0,8625,755866
2122,0,2122,366595
64614,0,64614,20087162
4125,0,4125,229931
11083,0,11083,199929
459,0,459,855865
17124,0,17124,712753
3119,0,3119,264491
2110,0,2110,469450
10357,0,10357,349451
1263,0,1263,354377
815,0,815,196247
2564,0,2564,173202
5585,0,5585,166917
1242,0,1242,344572
571,0,571,350074
26971,0,26971,337641
1834,0,1834,109701
1811,0,1811,216083
2847,0,2847,148434
2175,0,2175,736381
1449,0,1449,242303
2834,0,2834,540252
430,0,430,204019
2128,0,2128,94326
589,0,589,462370
17921,0,17921,103720
1655,0,1655,423823
5017,0,5017,177003
3405,0,3405,392019
1072,0,1072,149056
12017,0,12017,791858
434,0,434,680654
417,0,417,74339
2150,0,2150,135742
4334,0,4334,683785
366,0,366,165942
507,0,507,158266
23011,0,23011,1759102
3394,0,3394,150001
1407,0,1407,178666
478,0,478,424055
8723,0,8723,589081
429,0,429,368120
591,0,591,311799
2696,0,2696,494492
2522,0,2522,13077872
1825,0,1825,448842
954,0,954,184022
22763,0,22763,402299
1362,0,1362,12657808
2654,0,2654,780078
17508,0,17508,16600957
1285,0,1285,320447
518,0,518,193612
1074,0,1074,713438
540,0,540,268846
1597,0,1597,175056
21069,0,21069,778125
6694,0,6694,12462819
2463,0,2463,192892
31355,0,31355,1026413
2982,0,2982,455745
2222,0,2222,120667
535,0,535,21963
1174,0,1174,171150
807,0,807,91486
9089,0,9089,1334955
1063,0,1063,395745
54072,0,54072,710017
2868,0,2868,96104
545,0,545,268846
35350,0,35350,398748
9899,0,9899,760324
31354,0,31354,1026413
3252,0,3252,85570
6879,0,6879,19363192
26173,0,26173,550324
169,0,169,103720
12604,0,12604,717769
2070,0,2070,199973
276,0,276,780078
15073,0,15073,523179
1750,0,1750,298702
14991,0,14991,1566906
446,0,446,114838
2266,0,2266,99466
508,0,508,353083
384,0,384,89033
806,0,806,717769
1703,0,1703,317483
466,0,466,44687
1176,0,1176,371945
1987,0,1987,549426
3099,0,3099,116762
1650,0,1650,80522
949,0,949,114940
423,0,423,90250
21200,0,21200,474561
143,0,143,151141
5742,0,5742,877938
1318,0,1318,399958
263,0,263,91024
5587,0,5587,2125707
3275,0,3275,344451
433,0,433,27730
48260,0,48260,20713715
129,0,129,791859
126,0,126,251428
140,0,140,38944
203,0,203,18432003
400,0,400,95387
258,0,258,543959
1323,0,1323,841763
1621,0,1621,795606
794,0,794,753834
1056,0,1056,18021524
135,0,135,356365
119,0,119,508765
1242,0,1242,462905
2397,0,2397,18021524
2987,0,2987,455745
308,0,308,12429
569,0,569,634869
2983,0,2983,14817060
929,0,929,263917
12256,0,12256,14817060
2107,0,2107,160004
959,0,959,72174
579,0,579,350074
244,0,244,35071
367,0,367,36411
719,0,719,1334955
163,0,163,354885
895,0,895,288969
232,0,232,175436
137,0,137,683784
408,0,408,1097194
6573,0,6573,924820
463,0,463,107145
2685,0,2685,14324908
70,0,70,706839
219,0,219,113399
26552,0,26552,20713717
4419,0,4419,214100
74,0,74,795606
1141,0,1141,41950
132,0,132,606613
66,0,66,448602
42473,0,42473,19032867
152,0,152,736381
82,0,82,354377
77,0,77,492194
1010,0,1010,882303
1801,0,1801,14817059
553,0,553,83596
599,0,599,842927
117,0,117,158267
7918,0,7918,19435905
340,0,340,16016501
209,0,209,504554
206,0,206,302804
5456,0,5456,18021524
1220,0,1220,356365
318,0,318,753834
3392,0,3392,20087164
45041,0,45041,2051013
3834,0,3834,855867
7900,0,7900,417293
569,0,569,598284
9120,0,9120,1334960
453,0,453,35375
22817,0,22817,402305
19367,0,19367,950753
32417,0,32417,19032890
40739,0,40739,656813
599,0,599,83249
5391,0,5391,16731779
6358,0,6358,275046
3460,0,3460,273202
417,0,417,150200
15113,0,15113,523179
2406,0,2406,446995
745,0,745,422951
1818,0,1818,198990
11723,0,11723,17420770
2767,0,2767,180354
21650,0,21650,1210629
7830,0,7830,468735
1195,0,1195,171150
19907,0,19907,562467
22037,0,22037,173258
14066,0,14066,424057
5659,0,5659,166922
9992,0,9992,776660
7094,0,7094,354379
2170,0,2170,366597
2173,0,2173,469451
10558,0,10558,6574475
6935,0,6935,145255
2243,0,2243,98531
22326,0,22326,628387
6393,0,6393,159917
29684,0,29684,2044492
1053,0,1053,57070
3613,0,3613,18432022
11117,0,11117,199933
2880,0,2880,96108
12645,0,12645,717778
5341,0,5341,242772
1870,0,1870,478149
18211,0,18211,887021
10428,0,10428,577005
3488,0,3488,363866
2232,0,2232,64523
4262,0,4262,811771
1098,0,1098,221982
530,0,530,65084
1079,0,1079,401796
5155,0,5155,249355
7950,0,7950,986698
2825,0,2825,96036
12347,0,12347,492203
1972,0,1972,163377
669,0,669,83605
1407,0,1407,72251
224,0,224,36978
4109,0,4109,439082
728,0,728,519735
467,0,467,136981
228,0,228,18646
5905,0,5905,252070
5030,0,5030,13928377
19292,0,19292,11888394
365,0,365,35026
5086,0,5086,242225
9359,0,9359,274089
445,0,445,187240
1965,0,1965,606616
6449,0,6449,104636
1119,0,1119,680659
492,0,492,57163
2245,0,2245,98531
253,0,253,35071
1230,0,1230,13515444
291,0,291,155849
1285,0,1285,373387
3156,0,3156,359824
406,0,406,275046
6287,0,6287,186433
425,0,425,149937
700,0,700,86682
809,0,809,836072
268,0,268,574866
1427,0,1427,50256
1174,0,1174,13529491
1257,0,1257,462913
6938,0,6938,145255
10477,0,10477,6574475
609,0,609,587256
1045,0,1045,662729
423,0,423,60454
193,0,193,24511
713,0,713,173212
656,0,656,14584592
636,0,636,130356
37861,0,37861,451647
1030,0,1030,102067
309,0,309,223017
8279,0,8279,440815
215,0,215,31446
3692,0,3692,464103
158,0,158,120342
1020,0,1020,107633
2218,0,2218,436099
657,0,657,48022
3113,0,3113,2044492
2021,0,2021,164015
1076,0,1076,61128
2747,0,2747,192521
1504,0,1504,497642
209,0,209,29832
9799,0,9799,18021570
1359,0,1359,309694
1081,0,1081,666495
916,0,916,753840
769,0,769,78255
2036,0,2036,118282
557,0,557,28642
3145,0,3145,56036
366,0,366,123290
1871,0,1871,478149
2173,0,2173,88710
211,0,211,98376
7831,0,7831,468735
3058,0,3058,165295
210,0,210,30684
214,0,214,133097
1057,0,1057,57070
2932,0,2932,371949
814,0,814,90252
570,0,570,81225
48393,0,48393,20713770
281,0,281,33640
2536,0,2536,16016524
1143,0,1143,69699
863,0,863,86315
3347,0,3347,285548
757,0,757,315541
2479,0,2479,239811
591,0,591,262824
278,0,278,37601
1811,0,1811,161459
1497,0,1497,575429
489,0,489,32197
471,0,471,148810
428,0,428,65715
216,0,216,49384
11558,0,11558,258530
32419,0,32419,19032892
142,0,142,32991
14971,0,14971,817590
197,0,197,48811
1308,0,1308,155792
246,0,246,36678
5644,0,5644,301200
317,0,317,107617
2564,0,2564,157258
2657,0,2657,49874
2530,0,2530,195010
709,0,709,28976
177,0,177,34415
668,0,668,36279
2561,0,2561,551149
413,0,413,427610
1778,0,1778,52193
5403,0,5403,14349440
646,0,646,80540
625,0,625,67825
528,0,528,59069
18310,0,18310,403385
742,0,742,422950
11895,0,11895,363025
11544,0,11544,127346
129,0,129,401433
916,0,916,762532
212,0,212,77163
2668,0,2668,308330
1585,0,1585,165715
1195,0,1195,84261
692,0,692,184563
345,0,345,9240
1307,0,1307,107332
177,0,177,221898
1693,0,1693,47605
414,0,414,562467
150,0,150,113079
198,0,198,81031
5768,0,5768,877942
249,0,249,80322
1100,0,1100,227434
3535,0,3535,18355435
51822,0,51822,13287187
2810,0,2810,348252
2606,0,2606,269658
385,0,385,108577
1019,0,1019,322387
588,0,588,786705
1354,0,1354,70890
541,0,541,47252
9013,0,9013,202618
2264,0,2264,72834
636,0,636,41951
191,0,191,44672
174,0,174,91466
499,0,499,54035
2252,0,2252,147763
1111,0,1111,86535
1215,0,1215,476881
208,0,208,459880
147,0,147,38945
3818,0,3818,91621
171,0,171,85322
273,0,273,543963
633,0,633,795616
15634,0,15634,19363219
167,0,167,167818
528,0,528,66733
33143,0,33143,16731779
280,0,280,91024
535,0,535,76740
531,0,531,46388
987,0,987,539967
446,0,446,356368
1352,0,1352,250607
194,0,194,28209
1376,0,1376,44551
46,0,46,322405
2265,0,2265,72834
197,0,197,81031
281,0,281,492882
3535,0,3535,18355436
2249,0,2249,147763
637,0,637,41951
1216,0,1216,476881
844,0,844,365854
3817,0,3817,91621
1106,0,1106,86535
501,0,501,54035
193,0,193,44672
6475,0,6475,786435
710,0,710,41951
514,0,514,103110
3234,0,3234,907884
146,0,146,38945
526,0,526,66733
797,0,797,2125762
3835,0,3835,91627
445,0,445,96279
125,0,125,24657
459,0,459,27730
583,0,583,71320
18014,0,18014,13648433
1036,0,1036,706854
2024,0,2024,294683
293,0,293,75362
480,0,480,44688
1082,0,1082,87807
507,0,507,363790
17541,0,17541,14324957
247,0,247,146453
9163,0,9163,1447170
238,0,238,139107
215,0,215,46474
559,0,559,23876
2689,0,2689,496098
411,0,411,95387
2072,0,2072,151141
2111,0,2111,53713
516,0,516,31700
112,0,112,115956
437,0,437,96248
1671,0,1671,80523
3130,0,3130,116765
655,0,655,912270
617,0,617,560667
1786,0,1786,6574490
782,0,782,355796
773,0,773,51846
1060,0,1060,206436
768,0,768,128926
1245,0,1245,188893
2240,0,2240,14094937
906,0,906,278442
1135,0,1135,121379
19187,0,19187,19363235
219,0,219,36227
796,0,796,2125763
2840,0,2840,123720
1110,0,1110,791878
544,0,544,70684
4690,0,4690,100664
175,0,175,199174
488,0,488,342944
1178,0,1178,55320
1387,0,1387,164494
126,0,126,21540
116,0,116,141725
399,0,399,616482
332,0,332,176104
1136,0,1136,927274
560,0,560,21232
519,0,519,234918
154,0,154,114939
388,0,388,160102
6569,0,6569,147154
902,0,902,99341
113,0,113,363427
1728,0,1728,754947
8788,0,8788,360136
106,0,106,137814
3520,0,3520,433649
104,0,104,84461
1431,0,1431,31432
1536,0,1536,805085
100,0,100,68049
808,0,808,791878
388,0,388,453012
2876,0,2876,190944
5426,0,5426,79504
586,0,586,620379
2423,0,2423,49518
321,0,321,175437
4922,0,4922,304964
1045,0,1045,393308
801,0,801,370683
378,0,378,736386
302,0,302,40028
21223,0,21223,474574
303,0,303,114839
811,0,811,780082
546,0,546,510040
478,0,478,466713
1326,0,1326,117704
122,0,122,272686
348,0,348,20087216
1715,0,1715,637970
196,0,196,33513
6656,0,6656,218045
4209,0,4209,448618
1787,0,1787,151615
132,0,132,310622
2571,0,2571,455579
247,0,247,47983
284,0,284,1275856
219,0,219,7317
118,0,118,29911
1367,0,1367,930044
1385,0,1385,44512
1578,0,1578,283365
195,0,195,79573
100,0,100,33165
847,0,847,336698
840,0,840,120679
16423,0,16423,504077
353,0,353,288971
404,0,404,61944
659,0,659,29933
211,0,211,12517
1124,0,1124,121457
123,0,123,99664
1117,0,1117,93335
93,0,93,15434
2100,0,2100,430512
3966,0,3966,170057
1875,0,1875,271700
4766,0,4766,1119892
1893,0,1893,67596
195,0,195,39799
187,0,187,14584
934,0,934,74285
158,0,158,413416
122,0,122,165983
834,0,834,64826
201,0,201,39799
835,0,835,482397
249,0,249,842941
123,0,123,426369
661,0,661,520598
1521,0,1521,1025284
281,0,281,44467
1967,0,1967,74220
655,0,655,35450
978,0,978,72181
1321,0,1321,111527
269,0,269,70163
247,0,247,758711
2180,0,2180,128364
535,0,535,87086
606,0,606,165698
349,0,349,63061
1051,0,1051,95081
173,0,173,14686
2242,0,2242,14094936
122,0,122,17755
902,0,902,30155
3362,0,3362,576784
354,0,354,35378
205,0,205,58664
423,0,423,150202
1944,0,1944,258880
235,0,235,74598
292,0,292,113399
178,0,178,268209
6497,0,6497,786435
33165,0,33165,14925225
715,0,715,61046
83,0,83,113601
697,0,697,2543722
415,0,415,62680
298,0,298,53820
778,0,778,76806
599,0,599,550325
2962,0,2962,118180
1033,0,1033,31170
854,0,854,42939
161,0,161,8895
1604,0,1604,176727
4895,0,4895,319147
329,0,329,10987
145,0,145,48891
843,0,843,45451
324,0,324,38200
109,0,109,41152
489,0,489,68056
1778,0,1778,243137
252,0,252,27166
476,0,476,1210642
3671,0,3671,169659
83,0,83,67521
415,0,415,31099
2679,0,2679,126816
195,0,195,89124
343,0,343,36589
1219,0,1219,141254
121,0,121,88691
1074,0,1074,94509
212,0,212,81326
122,0,122,54066
1472,0,1472,583014
325,0,325,354382
373,0,373,1172299
493,0,493,45119
152,0,152,22691
4193,0,4193,185553
179,0,179,132775
99,0,99,58288
625,0,625,299455
771,0,771,151866
213,0,213,216087
2714,0,2714,504573
17845,0,17845,307561
1205,0,1205,395503
106,0,106,500298
37463,0,37463,13605379
196,0,196,89661
4605,0,4605,112648
91,0,91,62461
3526,0,3526,260489
98,0,98,61944
378,0,378,46637
81,0,81,17930
126,0,126,13333
184,0,184,27373
35910,0,35910,14006711
131,0,131,89426
405,0,405,42748
441,0,441,81008
1549,0,1549,917014
46784,0,46784,14817096
94,0,94,12721
89,0,89,561283
260,0,260,140241
1469,0,1469,317484
249,0,249,42682
531,0,531,52603
327,0,327,57926
617,0,617,77671
280,0,280,42591
276,0,276,250939
87,0,87,21694
987,0,987,472586
193,0,193,104392
38270,0,38270,924837
99,0,99,38896
1009,0,1009,77920
73,0,73,143172
169,0,169,128821
300,0,300,163683
4335,0,4335,346266
1894,0,1894,376528
164,0,164,54099
283,0,283,24257
2510,0,2510,112988
174,0,174,29995
122,0,122,838094
21719,0,21719,577013
936,0,936,153973
425,0,425,198992
13575,0,13575,394386
557,0,557,926989
104,0,104,6860
226,0,226,402121
296,0,296,26827
598,0,598,332797
15514,0,15514,1049606
74,0,74,13333717
459,0,459,67649
330,0,330,158273
134,0,134,40581
214,0,214,213752
490,0,490,35455
379,0,379,31939
92,0,92,35319
94,0,94,24419
247,0,247,88544
1827,0,1827,141250
189,0,189,52714
551,0,551,264492
1233,0,1233,208530
138,0,138,113777
66,0,66,13928393
139,0,139,100664
1016,0,1016,385022
94,0,94,838094
617,0,617,39761
246,0,246,371957
1773,0,1773,89124
5792,0,5792,569951
154,0,154,120677
356,0,356,14925228
211,0,211,58754
258,0,258,13333718
172,0,172,69172
303,0,303,59071
197,0,197,13928393
160,0,160,735719
820,0,820,504080
664,0,664,17224
194,0,194,307561
677,0,677,464110
70,0,70,706854
869,0,869,2125771
79,0,79,448619
1035,0,1035,811792
271,0,271,16731814
352,0,352,90252
135,0,135,464110
91,0,91,371958
963,0,963,2125771
2342,0,2342,19363238
877,0,877,713457
1747,0,1747,252092
2435,0,2435,385022
14627,0,14627,18021626
123,0,123,19460199
58,0,58,656812
47,0,47,427620
283,0,283,1694139
416,0,416,19435981
44,0,44,14925229
98,0,98,201131
131,0,131,710025
40,0,40,262832
1917,0,1917,877943
254,0,254,569951
203,0,203,41951
379,0,379,20713822
334,0,334,117250
38,0,38,99472
1534,0,1534,753844
5399,0,5399,18021626
159,0,159,16731813
799,0,799,504574
36,0,36,656812
1882,0,1882,2125771
228,0,228,49520
751,0,751,1694141
787,0,787,427621
54,0,54,464110
192,0,192,385022
394,0,394,713457
10261,0,10261,569951
2196,0,2196,252093
1593,0,1593,877943
196,0,196,2051022
203,0,203,41951
88,0,88,262832
169,0,169,201131
130,0,130,99472
131,0,131,83613
119,0,119,117250
3103,0,3103,710025
707,0,707,13145663
80,0,80,448619
36,0,36,14817102
332,0,332,55325
696,0,696,19032922
142,0,142,504574
466,0,466,464110
66,0,66,16731813
49,0,49,371958
3231,0,3231,2125771
553,0,553,49520
49,0,49,385022
992,0,992,713457
9443,0,9443,1694139
121,0,121,19363238
34,0,34,252093
4167,0,4167,710025
75,0,75,14925229
45,0,45,656812
83,0,83,19460200
1928,0,1928,18021626
171,0,171,201131
75,0,75,41951
405,0,405,569951
673,0,673,19435982
25176,0,25176,20713822
47,0,47,448619
70,0,70,117250
86,0,86,1759127
65,0,65,1694141
134,0,134,4603
146,0,146,569951
602,0,602,302807
1540,0,1540,118131
124,0,124,1026432
1392,0,1392,118358
454,0,454,127907
1272,0,1272,366599
2718,0,2718,569951
224,0,224,453012
88,0,88,2051022
901,0,901,283019
2441,0,2441,242787
364,0,364,33872
80,0,80,842942
792,0,792,39768
452,0,452,100664
284,0,284,16601009
106,0,106,14584
203,0,203,17224
263,0,263,121379
101,0,101,38155
287,0,287,872214
440,0,440,31432
299,0,299,117250
402,0,402,117250
288,0,288,907891
151,0,151,402311
72,0,72,18268
453,0,453,433652
27,0,27,118282
187,0,187,213386
146,0,146,84260
204,0,204,451649
76,0,76,169659
287,0,287,57070
50,0,50,91833
48,0,48,31571
207,0,207,25558
230,0,230,35988
21,0,21,70164
142,0,142,117250
568,0,568,1694139
27,0,27,16522
1012,0,1012,29995
798,0,798,20713822
114,0,114,253251
367,0,367,47252
41686,0,41686,20713823
36525,0,36525,18021627
27894,0,27894,877943
28273,0,28273,16601008
3681,0,3681,15934828
81373,0,81373,14817102
6918,0,6918,19363238
94656,0,94656,19435980
22547,0,22547,551174
104136,0,104136,16731816
20161,0,20161,1225791
27870,0,27870,13605384
17534,0,17534,14324963
34257,0,34257,19460201
17038,0,17038,1479314
1204,0,1204,15996584
33353,0,33353,18432037
5547,0,5547,427622
46804,0,46804,19032920
15847,0,15847,668830
2882,0,2882,504574
25773,0,25773,1414290
11226,0,11226,599760
2082,0,2082,13621841
3018,0,3018,403395
2093,0,2093,13621842
11229,0,11229,599760
8921,0,8921,616482
1903,0,1903,354448
13314,0,13314,19417687
3647,0,3647,776397
35958,0,35958,817602
891,0,891,799834
19294,0,19294,803872
6718,0,6718,2125772
14068,0,14068,13335773
2876,0,2876,569951
51425,0,51425,13949706
17766,0,17766,16601008
2510,0,2510,1822153
23998,0,23998,842942
2824,0,2824,494505
38342,0,38342,19363237
5576,0,5576,1049606
1218,0,1218,462875
2732,0,2732,276828
12344,0,12344,18355457
10514,0,10514,6574492
3514,0,3514,713458
9720,0,9720,287626
29802,0,29802,710026
8000,0,8000,417296
1744,0,1744,332797
1147,0,1147,391559
25777,0,25777,1414292
3604,0,3604,430740
32039,0,32039,652670
2482,0,2482,262833
1019,0,1019,426823
19671,0,19671,252343
53872,0,53872,924837
2528,0,2528,451649
10127,0,10127,2004851
1221,0,1221,650467
35962,0,35962,817602
2026,0,2026,236007
23014,0,23014,882319
13321,0,13321,19417686
2285,0,2285,20713823
1442,0,1442,2051024
1218,0,1218,462875
1228,0,1228,13224505
16111,0,16111,474575
10902,0,10902,6574492
1924,0,1924,471192
1523,0,1523,14925281
5206,0,5206,19436051
1017,0,1017,164902
947,0,947,735724
36380,0,36380,817609
23358,0,23358,882344
1201,0,1201,356375
13749,0,13749,19417728
11399,0,11399,6574515
16575,0,16575,474594
3414,0,3414,15107913
4359,0,4359,197950
1694,0,1694,438080
5941,0,5941,257083
30926,0,30926,2044560
1654,0,1654,1248232
6301,0,6301,169023
8387,0,8387,2125808
20742,0,20742,1225821
2657,0,2657,510688
795,0,795,231892
2425,0,2425,37418
5995,0,5995,1049610
11137,0,11137,577024
21990,0,21990,872218
2149,0,2149,84987
8953,0,8953,385028
746,0,746,124901
1002,0,1002,983334
968,0,968,424060
2584,0,2584,213393
6661,0,6661,568379
953,0,953,347215
838,0,838,855907
1077,0,1077,235739
15947,0,15947,2543779
3719,0,3719,363889
713,0,713,462772
4240,0,4240,149112
5387,0,5387,492217
1043,0,1043,302472
9461,0,9461,487336
1400,0,1400,139664
1070,0,1070,49536
2887,0,2887,753852
2860,0,2860,302812
104615,0,104615,16731843
4818,0,4818,336699
11191,0,11191,14307833
3525,0,3525,4908627
1346,0,1346,1183393
3088,0,3088,391860
3644,0,3644,273203
3705,0,3705,526536
30329,0,30329,18021730
25039,0,25039,209396
1196,0,1196,170555
2102,0,2102,14817158
1730,0,1730,433657
20631,0,20631,812946
2972,0,2972,276835
6976,0,6976,531838
1295,0,1295,421706
956,0,956,214103
38492,0,38492,19363293
1362,0,1362,295377
22562,0,22562,628401
527,0,527,429361
671,0,671,204025
15576,0,15576,13648491
22039,0,22039,1210661
2868,0,2868,1694195
887,0,887,143074
723,0,723,368124
22472,0,22472,713494
669,0,669,74347
502,0,502,589094
1291,0,1291,788491
13644,0,13644,271674
909,0,909,491765
2802,0,2802,795636
10270,0,10270,776667
1502,0,1502,671441
3396,0,3396,118518
5291,0,5291,218412
5466,0,5466,875755
651,0,651,703897
18759,0,18759,887042
5607,0,5607,140909
2553,0,2553,119974
1888,0,1888,336721
14616,0,14616,674069
5215,0,5215,533204
853,0,853,218276
1812,0,1812,841791
6346,0,6346,172478
1199,0,1199,119351
6006,0,6006,252111
537,0,537,165949
10013,0,10013,315070
1413,0,1413,164495
226,0,226,129227
282,0,282,91246
34186,0,34186,986730
1398,0,1398,344578
8366,0,8366,440818
7850,0,7850,575441
4055,0,4055,292492
1846,0,1846,119810
623,0,623,158208
486,0,486,478152
398,0,398,186438
151,0,151,89426
6412,0,6412,159920
200,0,200,130599
147,0,147,20301
1627,0,1627,108720
22470,0,22470,713494
6376,0,6376,275046
460,0,460,264493
1175,0,1175,780097
4573,0,4573,199000
16571,0,16571,12462857
7489,0,7489,13282617
5287,0,5287,218412
651,0,651,703897
5479,0,5479,875755
18766,0,18766,887043
5615,0,5615,140908
2550,0,2550,119974
1895,0,1895,336721
541,0,541,165949
14616,0,14616,674069
1197,0,1197,119351
5220,0,5220,533203
848,0,848,218276
1814,0,1814,841791
6356,0,6356,172478
554,0,554,307567
6003,0,6003,252111
10007,0,10007,315070
1411,0,1411,569962
507,0,507,116384
46913,0,46913,19033005
719,0,719,158284
12206,0,12206,636432
3589,0,3589,210295
6301,0,6301,418853
780,0,780,268868
51653,0,51653,13949753
1413,0,1413,569963
19964,0,19964,900822
3201,0,3201,1186550
720,0,720,158284
1937,0,1937,242309
784,0,784,268867
19506,0,19506,950778
5237,0,5237,148716
3397,0,3397,472590
17100,0,17100,130942
3710,0,3710,117251
2113,0,2113,734817
709,0,709,350078
30402,0,30402,710034
17990,0,17990,16601054
7712,0,7712,235448
792,0,792,320456
1541,0,1541,354388
31948,0,31948,1026475
4350,0,4350,355203
21467,0,21467,620382
3978,0,3978,1288395
4414,0,4414,174458
2479,0,2479,293659
2384,0,2384,469456
11519,0,11519,93238
8406,0,8406,504597
2295,0,2295,366603
3508,0,3508,264493
25557,0,25557,1172309
6492,0,6492,239079
704,0,704,462383
10237,0,10237,926991
405,0,405,171443
10314,0,10314,440773
1398,0,1398,344578
891,0,891,196252
1941,0,1941,423833
6332,0,6332,624366
4332,0,4332,229939
7699,0,7699,242195
634,0,634,100667
4416,0,4416,19436055
14652,0,14652,365871
8760,0,8760,755892
1797,0,1797,12657866
2689,0,2689,173204
408,0,408,263922
64923,0,64923,20087302
11199,0,11199,199941
10467,0,10467,14925286
17233,0,17233,712767
2386,0,2386,736390
5880,0,5880,166924
10505,0,10505,349453
535,0,535,115269
612,0,612,193614
2312,0,2312,94333
1612,0,1612,178694
1179,0,1179,149060
5521,0,5521,992672
675,0,675,311807
4029,0,4029,18432102
2964,0,2964,148435
5488,0,5488,177029
2978,0,2978,540269
470,0,470,160013
27215,0,27215,337650
3553,0,3553,392022
28664,0,28664,13145680
628,0,628,353094
463,0,463,89037
4607,0,4607,683815
2247,0,2247,135763
17993,0,17993,103736
3511,0,3511,455752
1793,0,1793,175060
1039,0,1039,184022
12131,0,12131,791910
2938,0,2938,494515
48920,0,48920,19460276
3506,0,3506,150011
410,0,410,183862
45168,0,45168,2051036
23506,0,23506,1759163
1942,0,1942,448890
1289,0,1289,171150
2489,0,2489,120687
445,0,445,103339
2014,0,2014,633103
2596,0,2596,13077935
306,0,306,89664
20772,0,20772,1418572
1608,0,1608,17420864
502,0,502,114840
2931,0,2931,394387
2727,0,2727,780097
1032,0,1032,145986
7125,0,7125,12462858
329,0,329,171157
